scorer,,,jonathan,jonathan,jonathan,jonathan,jonathan,jonathan,jonathan,jonathan,jonathan,jonathan,jonathan,jonathan
bodyparts,,,mouth tip,mouth tip,gill,gill,root of pelvic fin,root of pelvic fin,caudal peduncle,caudal peduncle,lower tip of caudal fin,lower tip of caudal fin,middle of caudal fin,middle of caudal fin
coords,,,x,y,x,y,x,y,x,y,x,y,x,y
labeled-data,bluegill_data,cam-2_1.png,903.125000,292.187500,922.458629,353.664303,948.734177,352.531646,948.699764,456.264775,971.631206,530.260047,946.335697,517.494090
labeled-data,bluegill_data,cam-2_10.png,925.559105,1209.584665,924.600639,1142.811502,972.523962,1139.616613,962.619808,1037.380192,984.984026,961.661342,950.144928,973.043478
labeled-data,bluegill_data,cam-2_100.png,944.473684,1428.947368,940.263158,1480.526316,970.926518,1490.734824,953.035144,1569.009585,969.210526,1579.736842,939.622642,1581.132075
labeled-data,bluegill_data,cam-2_101.png,988.380282,1441.197183,973.063973,1493.602694,999.663300,1505.387205,961.822126,1573.101952,,,,
labeled-data,bluegill_data,cam-2_102.png,994.699647,1445.229682,981.315789,1490.000000,1006.315789,1511.315789,956.578947,1572.105263,,,939.736842,1571.315789
labeled-data,bluegill_data,cam-2_103.png,1000.000000,1449.809886,984.634761,1492.947103,1010.739857,1508.591885,965.239295,1567.506297,,,944.906445,1569.230769
labeled-data,bluegill_data,cam-2_104.png,997.567568,1467.567568,985.441527,1513.842482,1015.751790,1516.945107,968.019093,1568.019093,,,946.756757,1569.459459
labeled-data,bluegill_data,cam-2_105.png,997.916667,1486.979167,978.947368,1523.947368,1010.000000,1530.789474,,,,,,
labeled-data,bluegill_data,cam-2_106.png,982.051282,1486.324786,969.197397,1530.151844,996.963124,1527.331887,,,,,,
labeled-data,bluegill_data,cam-2_107.png,968.765743,1485.894207,955.147059,1527.205882,989.705882,1523.774510,,,,,,
labeled-data,bluegill_data,cam-2_108.png,967.412141,1479.552716,953.821138,1517.073171,989.430894,1519.349593,,,,,,
labeled-data,bluegill_data,cam-2_109.png,969.230769,1476.923077,954.173486,1514.729951,989.198036,1514.566285,,,,,,
labeled-data,bluegill_data,cam-2_11.png,890.724638,1246.666667,894.782609,1220.579710,939.130435,1251.884058,933.913043,1212.753623,959.710145,1168.695652,931.782946,1171.705426
labeled-data,bluegill_data,cam-2_110.png,969.366197,1478.873239,955.789474,1517.631579,989.210526,1513.421053,,,,,,
labeled-data,bluegill_data,cam-2_111.png,968.110236,1477.952756,956.692913,1508.070866,987.795276,1512.401575,,,,,,
labeled-data,bluegill_data,cam-2_112.png,967.605634,1477.816901,955.609756,1509.918699,990.081301,1511.869919,,,,,,
labeled-data,bluegill_data,cam-2_113.png,974.055416,1474.811083,953.323486,1507.237814,988.330871,1515.805022,,,,,,
labeled-data,bluegill_data,cam-2_114.png,973.089701,1479.401993,955.531453,1507.809111,990.238612,1509.544469,,,,,,
labeled-data,bluegill_data,cam-2_115.png,974.031008,1478.294574,953.983740,1511.869919,990.894309,1511.707317,,,,,,
labeled-data,bluegill_data,cam-2_116.png,977.906977,1478.682171,956.756757,1513.513514,993.750000,1512.500000,,,,,,
labeled-data,bluegill_data,cam-2_117.png,978.169014,1482.042254,963.515510,1512.407681,994.977843,1512.555391,,,,,,
labeled-data,bluegill_data,cam-2_118.png,980.701754,1479.824561,963.252033,1511.707317,995.934959,1510.894309,950.081301,1545.365854,,,,
labeled-data,bluegill_data,cam-2_119.png,981.782946,1475.193798,966.825776,1508.353222,996.181384,1508.353222,956.324582,1544.152745,,,,
labeled-data,bluegill_data,cam-2_12.png,878.149606,1247.047244,,,925.393701,1259.251969,,,940.551181,1236.614173,917.183771,1234.367542
labeled-data,bluegill_data,cam-2_120.png,980.694143,1470.281996,966.377440,1507.375271,998.481562,1508.242950,957.266811,1545.336226,,,,
labeled-data,bluegill_data,cam-2_121.png,978.175313,1467.441860,968.897638,1500.787402,999.803150,1505.118110,959.055118,1544.488189,,,943.307087,1545.669291
labeled-data,bluegill_data,cam-2_122.png,980.190931,1460.620525,969.451074,1498.806683,1001.193317,1501.431981,961.575179,1542.720764,,,943.198091,1542.959427
labeled-data,bluegill_data,cam-2_123.png,977.088305,1454.653938,971.052632,1495.263158,1002.894737,1497.894737,961.315789,1540.526316,,,944.736842,1542.368421
labeled-data,bluegill_data,cam-2_124.png,975.079872,1453.035144,972.202166,1495.848375,1001.083032,1493.501805,961.732852,1539.891697,,,,
labeled-data,bluegill_data,cam-2_125.png,975.196850,1445.669291,967.642276,1489.756098,1003.089431,1490.243902,962.113821,1538.699187,,,,
labeled-data,bluegill_data,cam-2_126.png,963.007160,1431.742243,962.926829,1475.447154,993.658537,1478.861789,959.349593,1529.593496,960.620525,1536.276850,940.334129,1535.799523
labeled-data,bluegill_data,cam-2_127.png,931.236443,1411.930586,940.134228,1452.483221,973.043478,1457.101449,953.913043,1513.623188,976.789588,1533.188720,938.828633,1531.236443
labeled-data,bluegill_data,cam-2_128.png,920.824295,1404.338395,924.728850,1450.976139,962.906725,1450.108460,949.674620,1514.099783,979.609544,1532.537961,944.034707,1530.802603
labeled-data,bluegill_data,cam-2_129.png,890.021692,1395.878525,900.867679,1443.167028,939.045553,1442.950108,931.670282,1503.687636,959.436009,1527.982646,920.607375,1526.030369
labeled-data,bluegill_data,cam-2_13.png,870.607029,1207.348243,874.701671,1258.472554,919.331742,1254.892601,911.217184,1310.978520,939.856802,1310.501193,,
labeled-data,bluegill_data,cam-2_130.png,890.944882,1395.472441,899.409449,1444.488189,937.204724,1444.685039,927.559055,1507.283465,965.748031,1530.314961,918.390805,1527.586207
labeled-data,bluegill_data,cam-2_131.png,914.210526,1455.263158,,,947.505423,1466.160521,,,964.736842,1503.947368,932.631579,1498.947368
labeled-data,bluegill_data,cam-2_132.png,913.043478,1457.971014,,,947.626841,1471.685761,,,,,,
labeled-data,bluegill_data,cam-2_133.png,913.157895,1450.789474,914.370079,1486.220472,950.000000,1477.165354,,,,,,
labeled-data,bluegill_data,cam-2_134.png,907.042254,1433.802817,908.407080,1479.203540,950.442478,1474.557522,940.265487,1516.371681,970.422535,1513.732394,950.000000,1513.028169
labeled-data,bluegill_data,cam-2_135.png,909.154930,1423.943662,917.787419,1466.160521,955.748373,1464.642082,947.939262,1518.221258,990.492958,1537.676056,947.535211,1535.563380
labeled-data,bluegill_data,cam-2_136.png,927.464789,1390.845070,935.447154,1442.113821,971.382114,1448.617886,963.577236,1519.186992,993.661972,1529.225352,967.605634,1526.408451
labeled-data,bluegill_data,cam-2_137.png,954.273504,1332.051282,958.947368,1383.157895,991.842105,1396.052632,974.736842,1491.052632,1007.692308,1535.042735,972.649573,1532.478632
labeled-data,bluegill_data,cam-2_138.png,979.457364,1277.519380,983.233533,1336.526946,1016.702820,1340.780911,995.661605,1430.368764,1010.465116,1494.186047,983.720930,1480.620155
labeled-data,bluegill_data,cam-2_139.png,985.271318,1250.387597,992.786885,1312.131148,1022.622951,1315.081967,1004.590164,1401.639344,1022.480620,1459.302326,991.472868,1440.310078
labeled-data,bluegill_data,cam-2_14.png,872.668113,1205.422993,867.245119,1258.351410,919.956616,1254.229935,910.412148,1320.173536,936.225597,1334.273319,905.633803,1335.915493
labeled-data,bluegill_data,cam-2_140.png,986.157518,1248.210024,990.526316,1307.368421,1022.368421,1311.842105,1002.105263,1397.631579,1022.434368,1451.073986,986.157518,1433.174224
labeled-data,bluegill_data,cam-2_141.png,988.421053,1238.947368,986.581470,1295.527157,1024.600639,1303.833866,1006.070288,1388.178914,1036.315789,1447.631579,994.210526,1430.000000
labeled-data,bluegill_data,cam-2_142.png,1049.295775,1060.211268,1044.311377,1126.047904,1076.047904,1130.239521,1044.311377,1221.856287,1055.281690,1289.788732,1023.239437,1260.563380
labeled-data,bluegill_data,cam-2_143.png,1028.115942,1029.275362,1027.156550,1095.527157,1062.300319,1100.319489,1039.297125,1200.638978,1060.289855,1264.637681,1027.246377,1246.086957
labeled-data,bluegill_data,cam-2_144.png,1020.072993,925.182482,1026.129032,985.483871,1056.129032,993.225806,1039.354839,1092.580645,1060.218978,1168.248175,1027.737226,1154.379562
labeled-data,bluegill_data,cam-2_145.png,1017.521368,903.846154,1020.289855,969.275362,1054.202899,974.202899,1036.231884,1073.623188,1058.119658,1143.589744,1023.504274,1127.777778
labeled-data,bluegill_data,cam-2_146.png,1014.102564,804.700855,1020.422535,873.239437,1054.577465,880.633803,1032.394366,983.450704,1047.008547,1054.700855,1013.675214,1041.880342
labeled-data,bluegill_data,cam-2_147.png,1015.566038,712.735849,1019.379845,788.372093,1053.875969,785.658915,1040.310078,888.372093,1058.962264,941.509434,1027.358491,939.622642
labeled-data,bluegill_data,cam-2_148.png,1039.333333,790.666667,1041.197183,850.000000,1075.352113,859.859155,1051.408451,946.126761,1066.000000,1004.000000,1028.160920,978.735632
labeled-data,bluegill_data,cam-2_149.png,1044.927536,916.231884,1049.224806,977.131783,1084.496124,981.007752,1063.953488,1058.139535,1075.072464,1060.000000,1052.173913,1069.275362
labeled-data,bluegill_data,cam-2_15.png,658.119658,908.974359,658.119658,976.495726,706.410256,982.051282,692.735043,1100.854701,716.239316,1193.589744,695.299145,1185.470085
labeled-data,bluegill_data,cam-2_150.png,1055.072464,1047.536232,1051.052632,1104.736842,1081.052632,1110.000000,1046.315789,1172.368421,1051.594203,1199.420290,1030.724638,1177.101449
labeled-data,bluegill_data,cam-2_151.png,1034.782609,1120.289855,1031.629393,1172.843450,1062.939297,1172.204473,1031.309904,1229.392971,1041.739130,1240.000000,1017.681159,1232.753623
labeled-data,bluegill_data,cam-2_152.png,1017.253521,1144.014085,1009.507042,1197.887324,1045.070423,1196.830986,1013.732394,1261.619718,1015.140845,1283.450704,989.436620,1275.352113
labeled-data,bluegill_data,cam-2_153.png,988.741722,1290.397351,1000.958466,1248.881789,1042.492013,1262.939297,1030.351438,1218.210863,1055.960265,1205.629139,1028.753994,1207.348243
labeled-data,bluegill_data,cam-2_154.png,1035.526316,1521.578947,1041.449275,1471.304348,1077.971014,1479.130435,1055.362319,1415.362319,1076.052632,1352.631579,1045.454545,1360.839161
labeled-data,bluegill_data,cam-2_155.png,1035.042735,1517.521368,1041.527446,1468.257757,1076.849642,1485.441527,1054.415274,1437.947494,1058.974359,1397.008547,1041.025641,1396.153846
labeled-data,bluegill_data,cam-2_156.png,1035.380117,1463.157895,,,1069.756098,1466.829268,,,1054.093567,1422.514620,1037.426901,1424.269006
labeled-data,bluegill_data,cam-2_157.png,1013.947368,1477.368421,,,1051.842105,1478.684211,,,,,,
labeled-data,bluegill_data,cam-2_158.png,994.202899,1476.521739,,,1032.173913,1478.840580,,,,,,
labeled-data,bluegill_data,cam-2_159.png,984.883721,1479.844961,,,1022.868217,1481.007752,,,,,,
labeled-data,bluegill_data,cam-2_16.png,,,882.894737,673.157895,919.736842,689.473684,862.603878,720.221607,861.842105,738.947368,834.492754,730.724638
labeled-data,bluegill_data,cam-2_160.png,987.536232,1480.579710,,,1021.698113,1480.188679,,,,,,
labeled-data,bluegill_data,cam-2_161.png,965.726681,1453.796095,978.958785,1486.984816,1015.845070,1473.943662,,,1047.603834,1471.246006,,
labeled-data,bluegill_data,cam-2_162.png,962.619808,1449.201278,979.330709,1483.267717,1012.992126,1475.984252,,,1057.507987,1495.846645,,
labeled-data,bluegill_data,cam-2_163.png,978.169014,1357.746479,967.246377,1413.913043,995.942029,1433.043478,950.434783,1520.000000,904.225352,1568.309859,915.845070,1537.676056
labeled-data,bluegill_data,cam-2_164.png,955.555556,1029.487179,942.898551,971.594203,979.710145,965.217391,,,908.119658,896.581197,888.034188,903.418803
labeled-data,bluegill_data,cam-2_165.png,973.504274,1453.418803,994.941634,1393.385214,1037.743191,1391.439689,1051.750973,1281.712062,1089.316239,1255.982906,1047.008547,1256.837607
labeled-data,bluegill_data,cam-2_166.png,978.125000,1499.479167,991.052632,1431.052632,1025.789474,1425.789474,1020.000000,1305.789474,1045.833333,1224.479167,1013.541667,1235.937500
labeled-data,bluegill_data,cam-2_167.png,,,,,,,,,1063.291139,1414.556962,1036.708861,1418.987342
labeled-data,bluegill_data,cam-2_168.png,1010.211268,1439.788732,1021.449275,1473.333333,1059.710145,1473.333333,1047.536232,1506.956522,1086.267606,1511.619718,1043.661972,1515.492958
labeled-data,bluegill_data,cam-2_169.png,1008.490566,1409.433962,1012.140575,1455.910543,1047.284345,1468.690096,1037.699681,1556.230032,1064.622642,1584.905660,1026.886792,1576.415094
labeled-data,bluegill_data,cam-2_17.png,956.666667,553.333333,953.000000,603.333333,989.000000,621.000000,965.666667,723.666667,981.000000,790.000000,952.753623,750.724638
labeled-data,bluegill_data,cam-2_170.png,989.150943,1322.641509,997.777778,1382.666667,1034.222222,1387.111111,1022.093023,1496.511628,1037.735849,1561.320755,1004.895105,1552.447552
labeled-data,bluegill_data,cam-2_171.png,981.770833,252.083333,989.788732,309.154930,1026.056338,315.492958,1023.943662,420.422535,1053.125000,486.458333,1018.750000,465.625000
labeled-data,bluegill_data,cam-2_172.png,977.083333,256.250000,985.211268,317.605634,1022.887324,321.126761,1018.661972,423.591549,1042.187500,497.395833,1015.625000,489.062500
labeled-data,bluegill_data,cam-2_173.png,975.193798,258.914729,986.261981,316.932907,1021.086262,316.932907,1018.849840,428.753994,1046.124031,499.224806,1017.829457,490.697674
labeled-data,bluegill_data,cam-2_174.png,932.894737,332.105263,963.732394,387.676056,998.943662,378.873239,1029.225352,479.929577,1066.578947,546.578947,1045.402299,542.528736
labeled-data,bluegill_data,cam-2_175.png,938.421053,438.421053,965.346535,491.584158,998.514851,486.633663,1027.722772,584.158416,1067.368421,646.842105,1044.303797,648.734177
labeled-data,bluegill_data,cam-2_176.png,948.881789,474.760383,970.526316,533.684211,1007.105263,525.000000,1023.188406,617.391304,1063.258786,674.760383,1041.981132,678.773585
labeled-data,bluegill_data,cam-2_177.png,981.007752,584.496124,988.759690,554.651163,1022.093023,567.441860,1017.829457,599.224806,1043.410853,659.302326,1018.217054,653.488372
labeled-data,bluegill_data,cam-2_178.png,942.368421,705.526316,954.273504,671.367521,994.444444,687.606838,994.871795,644.871795,1019.473684,612.894737,1000.000000,612.025316
labeled-data,bluegill_data,cam-2_179.png,886.458333,691.666667,897.126437,724.712644,943.678161,713.218391,,,,,,
labeled-data,bluegill_data,cam-2_18.png,931.007752,586.821705,935.658915,633.333333,972.093023,626.356589,957.751938,690.697674,975.193798,759.689922,944.444444,743.478261
labeled-data,bluegill_data,cam-2_180.png,894.444444,696.153846,901.886792,733.018868,947.169811,727.358491,935.377358,764.622642,963.247863,789.743590,925.641026,770.512821
labeled-data,bluegill_data,cam-2_181.png,940.598291,747.008547,945.686901,800.958466,989.137380,794.249201,984.025559,842.811502,,,,
labeled-data,bluegill_data,cam-2_182.png,936.619718,789.436620,944.927536,846.666667,984.347826,846.666667,983.188406,926.956522,,,971.884058,932.753623
labeled-data,bluegill_data,cam-2_183.png,912.820513,1199.145299,911.240310,1137.596899,950.000000,1131.007752,924.806202,1022.480620,940.170940,943.589744,911.538462,957.264957
labeled-data,bluegill_data,cam-2_184.png,845.454545,1443.356643,885.211268,1394.718310,920.070423,1410.211268,963.247863,1320.512821,1032.167832,1272.727273,998.601399,1266.433566
labeled-data,bluegill_data,cam-2_185.png,944.791667,1385.937500,962.068966,1328.879310,1001.293103,1331.465517,1005.603448,1234.482759,1035.416667,1160.416667,1001.041667,1174.479167
labeled-data,bluegill_data,cam-2_186.png,950.574713,1363.218391,956.976744,1308.527132,998.449612,1317.441860,1000.775194,1236.046512,1025.862069,1172.413793,996.551724,1176.436782
labeled-data,bluegill_data,cam-2_187.png,912.264151,1232.547170,927.246377,1279.420290,973.043478,1272.753623,,,1014.622642,1238.207547,990.566038,1244.811321
labeled-data,bluegill_data,cam-2_188.png,879.233227,1320.447284,896.511628,1281.007752,938.372093,1295.736434,,,993.929712,1250.479233,952.396166,1256.549521
labeled-data,bluegill_data,cam-2_189.png,881.782946,1502.325581,897.787611,1449.557522,932.743363,1459.292035,940.265487,1381.858407,970.155039,1323.255814,942.635659,1328.682171
labeled-data,bluegill_data,cam-2_19.png,900.427350,1070.512821,897.863248,1006.837607,944.017094,1010.683761,929.059829,902.991453,935.897436,814.529915,918.076923,830.769231
labeled-data,bluegill_data,cam-2_190.png,1031.196581,806.837607,1037.264151,870.754717,1071.226415,883.962264,1054.245283,992.452830,1074.358974,1061.965812,1050.000000,1057.264957
labeled-data,bluegill_data,cam-2_191.png,968.604651,249.612403,984.108527,298.062016,1022.868217,293.798450,1022.093023,374.418605,1048.837209,446.124031,1017.829457,432.945736
labeled-data,bluegill_data,cam-2_192.png,952.816901,218.309859,967.092652,264.217252,1006.389776,253.674121,1000.958466,296.805112,1039.084507,323.591549,994.366197,314.084507
labeled-data,bluegill_data,cam-2_193.png,926.052632,252.105263,938.775510,275.510204,981.924198,262.390671,,,1014.736842,301.052632,981.578947,303.947368
labeled-data,bluegill_data,cam-2_194.png,921.725240,258.785942,,,966.901408,263.028169,,,,,,
labeled-data,bluegill_data,cam-2_195.png,923.239437,259.507042,,,965.811966,259.829060,,,,,,
labeled-data,bluegill_data,cam-2_196.png,932.907348,258.466454,,,972.916667,259.895833,,,,,,
labeled-data,bluegill_data,cam-2_197.png,933.760684,257.692308,,,975.193798,256.201550,,,,,,
labeled-data,bluegill_data,cam-2_198.png,935.377358,261.320755,,,979.236277,256.324582,,,,,,
labeled-data,bluegill_data,cam-2_199.png,946.226415,253.773585,,,984.984026,251.757188,,,,,,
labeled-data,bluegill_data,cam-2_2.png,916.052632,283.157895,928.157895,328.947368,972.894737,337.368421,959.736842,373.684211,1001.578947,416.842105,975.263158,415.263158
labeled-data,bluegill_data,cam-2_20.png,835.897436,1044.444444,842.307692,975.641026,891.452991,985.897436,897.008547,876.495726,929.059829,803.846154,893.913043,806.666667
labeled-data,bluegill_data,cam-2_200.png,949.572650,252.564103,,,985.202864,250.835322,,,,,,
labeled-data,bluegill_data,cam-2_201.png,931.304348,334.202899,938.019169,274.760383,970.926518,285.303514,,,,,,
labeled-data,bluegill_data,cam-2_202.png,838.658147,1014.696486,860.520607,960.954447,896.312364,961.388286,912.581345,839.913232,931.629393,766.773163,901.041667,777.604167
labeled-data,bluegill_data,cam-2_203.png,857.894737,1386.996904,877.971014,1325.797101,916.521739,1328.695652,916.811594,1222.318841,,,901.408451,1204.929577
labeled-data,bluegill_data,cam-2_204.png,948.290598,1075.213675,918.849840,1126.837061,950.479233,1138.019169,876.677316,1251.118211,860.256410,1320.512821,835.470085,1296.153846
labeled-data,bluegill_data,cam-2_205.png,1007.364341,537.596899,1018.260870,602.898551,1057.971014,597.681159,1054.492754,691.884058,1081.007752,751.937984,1050.387597,746.511628
labeled-data,bluegill_data,cam-2_206.png,960.000000,120.263158,964.217252,162.300319,1011.182109,158.146965,1007.348243,199.680511,1036.842105,241.842105,1012.894737,244.473684
labeled-data,bluegill_data,cam-2_207.png,962.323944,205.985915,966.666667,161.538462,1008.547009,168.376068,,,,,,
labeled-data,bluegill_data,cam-2_208.png,984.883721,336.046512,981.007752,269.379845,1025.193798,268.604651,1000.000000,163.565891,,,,
labeled-data,bluegill_data,cam-2_209.png,987.209302,331.007752,981.449275,273.623188,1017.971014,263.478261,991.884058,160.289855,,,,
labeled-data,bluegill_data,cam-2_21.png,831.629393,940.255591,830.670927,984.664537,878.913738,980.511182,888.817891,927.476038,922.683706,857.507987,891.153846,865.384615
labeled-data,bluegill_data,cam-2_210.png,981.250000,331.250000,980.281690,274.295775,1020.070423,266.901408,994.014085,157.746479,,,,
labeled-data,bluegill_data,cam-2_22.png,819.366197,876.408451,822.183099,940.845070,865.845070,932.394366,848.591549,1021.126761,866.901408,1076.760563,834.859155,1044.366197
labeled-data,bluegill_data,cam-2_23.png,814.084507,878.521127,815.140845,937.676056,863.028169,931.338028,848.591549,1017.605634,882.042254,1086.267606,845.736434,1077.519380
labeled-data,bluegill_data,cam-2_24.png,815.492958,875.000000,821.830986,938.380282,863.028169,934.154930,846.478873,1012.676056,875.352113,1077.816901,842.811502,1066.134185
labeled-data,bluegill_data,cam-2_25.png,752.713178,1150.775194,755.426357,1082.170543,805.813953,1078.294574,802.713178,957.364341,825.581395,872.480620,789.873418,889.873418
labeled-data,bluegill_data,cam-2_26.png,787.610619,979.941003,781.710914,1041.887906,824.778761,1048.377581,,,,,,
labeled-data,bluegill_data,cam-2_27.png,831.887202,440.997831,817.570499,467.028200,854.880694,473.101952,811.062907,538.394794,814.967462,572.668113,790.598291,562.820513
labeled-data,bluegill_data,cam-2_28.png,852.396166,251.437700,846.006390,315.974441,892.012780,325.239617,880.191693,434.824281,907.987220,500.000000,871.354167,486.979167
labeled-data,bluegill_data,cam-2_29.png,849.224806,255.426357,847.286822,319.767442,894.186047,325.193798,886.821705,428.294574,919.379845,503.488372,883.947368,495.789474
labeled-data,bluegill_data,cam-2_3.png,905.483871,252.580645,916.129032,298.709677,954.516129,296.774194,945.161290,345.806452,970.645161,376.129032,941.901408,371.830986
labeled-data,bluegill_data,cam-2_30.png,812.173913,279.420290,829.565217,323.188406,868.405797,311.884058,874.782609,366.086957,906.956522,395.942029,872.641509,398.584906
labeled-data,bluegill_data,cam-2_31.png,813.365155,277.565632,823.866348,324.821002,864.439141,308.591885,859.427208,367.780430,896.181384,378.997613,851.757188,376.996805
labeled-data,bluegill_data,cam-2_32.png,816.338583,283.464567,829.330709,329.133858,865.944882,320.275591,861.023622,364.566929,895.078740,379.921260,857.681159,382.898551
labeled-data,bluegill_data,cam-2_33.png,869.451074,435.083532,867.780430,387.112172,906.682578,388.782816,887.112172,342.959427,,,,
labeled-data,bluegill_data,cam-2_34.png,850.789474,425.000000,,,895.526316,423.947368,,,906.315789,380.000000,880.429594,380.190931
labeled-data,bluegill_data,cam-2_35.png,931.690141,628.521127,924.647887,568.661972,959.507042,560.211268,919.366197,470.422535,919.014085,405.633803,896.478873,417.957746
labeled-data,bluegill_data,cam-2_36.png,930.633803,971.478873,,,927.816901,902.112676,953.521127,801.408451,961.267606,734.507042,935.833333,743.333333
labeled-data,bluegill_data,cam-2_37.png,915.384615,963.675214,,,962.393162,925.213675,933.760684,838.888889,944.871795,766.239316,912.820513,780.769231
labeled-data,bluegill_data,cam-2_38.png,876.677316,922.364217,,,928.115016,932.907348,,,,,,
labeled-data,bluegill_data,cam-2_39.png,895.207668,826.198083,902.555911,876.038339,946.645367,864.536741,930.990415,915.015974,949.840256,956.549521,918.210863,955.910543
labeled-data,bluegill_data,cam-2_4.png,904.473684,253.684211,915.000000,298.684211,951.315789,296.052632,943.157895,347.631579,965.789474,370.263158,935.915493,364.084507
labeled-data,bluegill_data,cam-2_40.png,893.333333,825.507246,904.057971,874.782609,947.246377,863.478261,931.304348,917.391304,962.898551,970.144928,926.341463,959.512195
labeled-data,bluegill_data,cam-2_41.png,895.207668,633.546326,887.539936,662.619808,931.309904,671.565495,916.932907,762.939297,931.309904,818.849840,902.122016,816.445623
labeled-data,bluegill_data,cam-2_42.png,854.263566,510.852713,852.325581,562.790698,895.736434,574.418605,882.558140,686.434109,896.899225,758.527132,860.344828,733.908046
labeled-data,bluegill_data,cam-2_43.png,854.273504,507.692308,853.418803,567.094017,891.452991,582.051282,874.358974,693.589744,901.709402,757.264957,858.333333,740.625000
labeled-data,bluegill_data,cam-2_44.png,841.145833,516.666667,851.041667,585.937500,885.937500,585.416667,881.250000,696.354167,913.541667,772.395833,876.068376,762.393162
labeled-data,bluegill_data,cam-2_45.png,840.170940,547.435897,851.282051,609.829060,887.179487,609.829060,885.470085,713.247863,909.401709,795.726496,873.584906,778.301887
labeled-data,bluegill_data,cam-2_46.png,838.380282,709.507042,853.169014,770.422535,894.014085,774.295775,895.774648,848.591549,925.352113,918.661972,893.006993,904.895105
labeled-data,bluegill_data,cam-2_47.png,861.619718,873.591549,869.014085,930.985915,908.802817,928.873239,897.535211,999.295775,910.563380,1055.985915,884.375000,1046.875000
labeled-data,bluegill_data,cam-2_48.png,859.401709,895.726496,870.085470,959.829060,907.692308,955.128205,898.717949,1042.307692,936.324786,1079.487179,894.366197,1070.774648
labeled-data,bluegill_data,cam-2_49.png,860.383387,898.083067,867.412141,958.466454,906.070288,952.076677,893.929712,1044.408946,922.364217,1101.916933,894.827586,1098.275862
labeled-data,bluegill_data,cam-2_5.png,906.086957,249.855072,916.811594,297.971014,954.492754,301.159420,943.188406,347.246377,972.753623,365.217391,947.887324,364.436620
labeled-data,bluegill_data,cam-2_50.png,837.368421,891.578947,847.631579,953.157895,885.789474,946.052632,885.000000,1037.631579,917.368421,1097.368421,883.768116,1086.956522
labeled-data,bluegill_data,cam-2_51.png,816.613419,884.984026,823.003195,946.325879,864.536741,940.255591,861.980831,1032.268371,893.290735,1088.817891,861.980831,1085.623003
labeled-data,bluegill_data,cam-2_52.png,799.710145,826.956522,806.376812,886.666667,849.275362,890.724638,844.637681,987.536232,874.202899,1055.072464,847.286822,1048.837209
labeled-data,bluegill_data,cam-2_53.png,789.855072,805.507246,802.318841,870.144928,842.608696,861.739130,842.898551,952.753623,879.130435,1017.971014,845.774648,1013.028169
labeled-data,bluegill_data,cam-2_54.png,831.948882,924.920128,842.492013,983.067093,881.789137,979.872204,871.565495,1053.993610,893.290735,1119.808307,867.441860,1110.852713
labeled-data,bluegill_data,cam-2_55.png,915.503876,1087.596899,906.578947,1048.947368,946.842105,1048.157895,,,,,,
labeled-data,bluegill_data,cam-2_56.png,946.830986,1265.492958,941.197183,1212.676056,984.859155,1209.154930,960.563380,1143.309859,971.830986,1084.154930,944.210526,1093.157895
labeled-data,bluegill_data,cam-2_57.png,952.744630,1450.596659,955.131265,1400.954654,997.136038,1403.102625,981.861575,1344.152745,996.658711,1292.362768,973.333333,1298.148148
labeled-data,bluegill_data,cam-2_58.png,950.000000,1450.352113,958.450704,1400.704225,992.253521,1417.253521,978.873239,1351.760563,998.239437,1303.521127,971.014493,1308.405797
labeled-data,bluegill_data,cam-2_59.png,949.840256,1343.130990,955.271565,1391.693291,992.332268,1385.942492,971.565495,1431.309904,1000.319489,1444.408946,962.368421,1439.473684
labeled-data,bluegill_data,cam-2_6.png,908.676790,379.175705,914.099783,341.648590,952.711497,348.156182,936.619718,303.873239,957.042254,267.957746,929.073482,280.511182
labeled-data,bluegill_data,cam-2_60.png,927.476038,1313.418530,935.463259,1368.370607,971.565495,1377.316294,952.715655,1467.092652,983.706070,1510.862620,944.573643,1492.635659
labeled-data,bluegill_data,cam-2_61.png,920.000000,1309.803922,923.137255,1367.450980,960.392157,1374.901961,940.000000,1464.313725,961.176471,1527.058824,935.294118,1525.098039
labeled-data,bluegill_data,cam-2_62.png,922.222222,1307.264957,927.350427,1365.811966,961.739130,1371.304348,939.130435,1460.579710,954.273504,1529.914530,926.086957,1513.623188
labeled-data,bluegill_data,cam-2_63.png,893.442623,1246.229508,898.688525,1293.770492,935.409836,1300.983607,,,946.557377,1454.426230,909.904153,1438.658147
labeled-data,bluegill_data,cam-2_64.png,897.008547,1249.572650,900.000000,1292.307692,935.042735,1307.264957,915.384615,1405.555556,933.466135,1457.768924,899.647887,1455.985915
labeled-data,bluegill_data,cam-2_65.png,908.626198,1230.990415,908.626198,1294.568690,945.047923,1309.265176,924.600639,1421.405751,946.325879,1457.827476,915.503876,1448.449612
labeled-data,bluegill_data,cam-2_66.png,914.102564,1215.384615,911.965812,1281.196581,949.145299,1295.299145,921.794872,1413.247863,937.179487,1490.170940,904.273504,1476.923077
labeled-data,bluegill_data,cam-2_67.png,913.793103,1213.793103,911.637931,1280.172414,946.982759,1292.241379,921.982759,1407.758621,930.603448,1492.241379,901.056338,1474.647887
labeled-data,bluegill_data,cam-2_68.png,938.020833,1067.708333,938.541667,1127.083333,972.395833,1147.395833,950.000000,1253.645833,961.979167,1338.020833,935.271318,1326.744186
labeled-data,bluegill_data,cam-2_69.png,930.769231,503.418803,929.487179,568.376068,966.239316,575.641026,945.726496,691.880342,959.401709,772.222222,935.362319,763.768116
labeled-data,bluegill_data,cam-2_7.png,903.818616,390.930788,905.966587,356.801909,945.346062,366.109785,927.207637,333.651551,942.004773,285.918854,917.183771,292.601432
labeled-data,bluegill_data,cam-2_70.png,929.914530,377.350427,932.478632,446.581197,973.931624,449.572650,964.957265,547.863248,992.307692,609.829060,953.770492,592.131148
labeled-data,bluegill_data,cam-2_71.png,876.923077,732.478632,882.051282,669.230769,925.213675,674.358974,,,951.709402,510.683761,911.821086,515.654952
labeled-data,bluegill_data,cam-2_72.png,886.792453,1359.905660,894.339623,1292.452830,939.150943,1291.981132,939.622642,1178.301887,966.509434,1099.056604,932.170543,1111.240310
labeled-data,bluegill_data,cam-2_73.png,864.102564,1118.803419,876.923077,1186.752137,919.658120,1185.042735,915.811966,1292.735043,950.427350,1344.444444,914.341085,1341.860465
labeled-data,bluegill_data,cam-2_74.png,,,,,664.536741,901.916933,662.619808,937.699681,721.725240,975.079872,687.179487,982.051282
labeled-data,bluegill_data,cam-2_75.png,740.492958,977.816901,735.563380,1003.169014,773.239437,1010.915493,737.676056,1084.859155,724.647887,1157.394366,696.830986,1125.352113
labeled-data,bluegill_data,cam-2_76.png,878.135048,699.356913,867.845659,750.160772,902.250804,751.768489,855.305466,818.971061,841.157556,882.315113,827.246377,846.666667
labeled-data,bluegill_data,cam-2_77.png,894.017094,689.743590,896.153846,743.162393,930.341880,745.299145,911.111111,805.128205,931.196581,851.282051,896.811594,846.376812
labeled-data,bluegill_data,cam-2_78.png,899.295775,665.140845,899.647887,720.070423,936.267606,753.169014,,,,,,
labeled-data,bluegill_data,cam-2_79.png,921.367521,884.188034,919.658120,809.401709,953.418803,809.829060,927.777778,694.871795,958.974359,631.196581,912.658228,636.708861
labeled-data,bluegill_data,cam-2_8.png,904.773270,386.873508,903.341289,363.723150,944.152745,371.599045,924.582339,346.062053,942.004773,301.670644,915.263158,310.789474
labeled-data,bluegill_data,cam-2_80.png,878.684211,991.842105,884.473684,1041.052632,924.736842,1032.368421,912.368421,1077.105263,927.894737,1081.052632,898.290598,1087.606838
labeled-data,bluegill_data,cam-2_81.png,843.162393,876.923077,852.564103,940.598291,893.162393,946.153846,891.880342,1062.820513,918.803419,1144.017094,886.752137,1131.196581
labeled-data,bluegill_data,cam-2_82.png,841.981132,866.037736,847.641509,943.396226,896.226415,948.584906,881.603774,1048.584906,907.547170,1106.603774,872.868217,1099.224806
labeled-data,bluegill_data,cam-2_83.png,790.384615,700.769231,796.478873,759.859155,842.253521,759.507042,845.774648,878.169014,880.281690,934.507042,837.101449,926.376812
labeled-data,bluegill_data,cam-2_84.png,805.128205,750.000000,811.965812,816.666667,855.982906,817.521368,856.410256,921.367521,880.769231,1002.564103,853.043478,994.492754
labeled-data,bluegill_data,cam-2_85.png,804.577465,750.000000,813.028169,811.619718,853.169014,817.605634,846.478873,919.014085,877.816901,998.591549,845.686901,984.984026
labeled-data,bluegill_data,cam-2_86.png,835.271318,945.736434,832.945736,884.496124,874.418605,884.496124,854.651163,818.217054,878.682171,809.689922,847.435897,806.837607
labeled-data,bluegill_data,cam-2_87.png,891.037736,1167.452830,883.018868,1102.358491,916.981132,1093.867925,869.339623,995.283019,866.509434,914.622642,843.309859,932.394366
labeled-data,bluegill_data,cam-2_88.png,931.623932,1314.102564,926.495726,1247.863248,960.256410,1254.700855,930.769231,1170.085470,933.760684,1089.316239,907.264957,1103.846154
labeled-data,bluegill_data,cam-2_89.png,,,,,,,,,,,919.014085,1150.352113
labeled-data,bluegill_data,cam-2_9.png,900.352113,521.126761,900.000000,460.211268,942.605634,452.816901,923.591549,369.014085,941.197183,354.225352,912.410501,353.699284
labeled-data,bluegill_data,cam-2_90.png,890.415335,1140.575080,894.249201,1189.456869,930.990415,1206.070288,912.140575,1288.817891,939.936102,1345.686901,902.875399,1320.766773
labeled-data,bluegill_data,cam-2_91.png,887.539936,1140.255591,896.166134,1191.693291,929.392971,1210.223642,904.792332,1299.680511,925.239617,1353.674121,890.415335,1333.546326
labeled-data,bluegill_data,cam-2_92.png,875.789474,1166.315789,880.263158,1222.105263,920.789474,1240.263158,903.157895,1335.000000,927.894737,1388.157895,893.157895,1381.578947
labeled-data,bluegill_data,cam-2_93.png,888.498403,1265.495208,889.456869,1320.447284,928.115016,1340.894569,907.987220,1438.658147,922.683706,1494.249201,893.610224,1482.747604
labeled-data,bluegill_data,cam-2_94.png,915.526316,1384.736842,915.263158,1440.526316,950.526316,1455.263158,926.052632,1537.368421,938.157895,1565.789474,910.526316,1559.736842
labeled-data,bluegill_data,cam-2_95.png,932.587859,1430.990415,929.712460,1482.428115,964.856230,1498.402556,941.533546,1573.162939,,,,
labeled-data,bluegill_data,cam-2_96.png,928.443114,1420.359281,927.245509,1473.952096,963.772455,1488.023952,942.514970,1562.574850,969.161677,1580.239521,929.640719,1576.347305
labeled-data,bluegill_data,cam-2_97.png,928.294574,1417.054264,929.844961,1470.155039,964.341085,1480.620155,944.961240,1562.403101,977.519380,1580.232558,933.720930,1572.093023
labeled-data,bluegill_data,cam-2_98.png,929.275362,1414.202899,927.536232,1467.826087,962.898551,1477.681159,945.507246,1558.840580,969.565217,1580.000000,934.202899,1574.202899
labeled-data,bluegill_data,cam-2_99.png,928.740157,1415.157480,926.968504,1469.881890,966.141732,1477.952756,949.606299,1556.889764,971.062992,1577.165354,939.566929,1573.031496
labeled-data,bluegill_data,cam-3_1.png,1729.220779,1092.207792,1755.194805,1129.870130,1733.116883,1188.311688,1771.428571,1183.116883,1792.857143,1231.168831,1796.753247,1178.571429
labeled-data,bluegill_data,cam-3_10.png,1226.411765,1117.647059,1328.176471,1106.470588,1352.294118,1178.823529,1552.294118,1146.470588,,,1639.352941,1133.529412
labeled-data,bluegill_data,cam-3_11.png,1079.710145,1166.666667,1111.594203,1151.207729,1129.951691,1213.526570,1198.067633,1162.801932,1144.444444,1176.811594,1157.004831,1133.816425
labeled-data,bluegill_data,cam-3_12.png,877.531915,1131.914894,912.106383,1127.127660,927.531915,1184.042553,1033.382979,1167.021277,1102.000000,1202.127660,1086.574468,1155.319149
labeled-data,bluegill_data,cam-3_13.png,655.723404,1089.893617,745.085106,1094.148936,748.808511,1145.744681,906.255319,1125.531915,1013.170213,1172.872340,991.361702,1123.936170
labeled-data,bluegill_data,cam-3_14.png,656.787234,1082.978723,748.808511,1090.957447,734.446809,1140.957447,884.978723,1128.723404,976.468085,1176.595745,955.723404,1125.000000
labeled-data,bluegill_data,cam-3_15.png,652.882353,1080.000000,738.176471,1090.000000,728.764706,1138.235294,856.411765,1124.117647,946.411765,1167.647059,937.000000,1125.294118
labeled-data,bluegill_data,cam-3_16.png,796.135266,952.173913,,,773.913043,1054.106280,,,757.487923,1191.304348,762.318841,1146.859903
labeled-data,bluegill_data,cam-3_17.png,1081.255319,769.148936,1011.574468,776.063830,1020.617021,847.872340,926.468085,839.361702,831.787234,885.106383,843.489362,832.978723
labeled-data,bluegill_data,cam-3_18.png,1623.671498,1194.685990,1550.724638,1185.990338,1559.420290,1253.140097,1458.937198,1208.212560,1386.473430,1208.212560,1392.270531,1174.396135
labeled-data,bluegill_data,cam-3_19.png,1466.361702,1162.765957,1570.085106,1171.808511,1586.574468,1247.340426,,,1535.510638,1258.510638,,
labeled-data,bluegill_data,cam-3_2.png,1725.324675,1085.714286,1755.194805,1129.870130,1731.818182,1168.181818,1772.077922,1185.064935,1792.857143,1231.168831,1796.753247,1178.571429
labeled-data,bluegill_data,cam-3_20.png,1347.826087,1114.975845,1411.111111,1127.053140,1422.705314,1187.922705,1560.386473,1182.125604,,,,
labeled-data,bluegill_data,cam-3_21.png,946.859903,1035.265700,984.057971,1057.971014,989.855072,1117.391304,1074.879227,1142.995169,1111.594203,1219.806763,1128.502415,1168.599034
labeled-data,bluegill_data,cam-3_22.png,909.836066,1019.344262,956.393443,1029.508197,954.098361,1080.655738,1055.081967,1082.622951,1087.540984,1138.360656,1100.327869,1084.262295
labeled-data,bluegill_data,cam-3_23.png,834.446809,1003.723404,920.085106,1006.914894,902.531915,1068.085106,1040.829787,1053.191489,1150.936170,1082.446809,1130.191489,1039.893617
labeled-data,bluegill_data,cam-3_24.png,850.438596,995.175439,939.473684,996.929825,926.315789,1056.140351,1042.543860,1035.526316,1076.315789,1082.894737,1089.035088,1023.684211
labeled-data,bluegill_data,cam-3_25.png,854.824561,994.736842,944.298246,996.052632,926.754386,1056.140351,1057.894737,1037.280702,1081.140351,1080.263158,1082.456140,1034.210526
labeled-data,bluegill_data,cam-3_26.png,,,873.245614,933.771930,887.719298,993.421053,971.929825,998.245614,1076.754386,1045.175439,1064.912281,997.807018
labeled-data,bluegill_data,cam-3_27.png,808.771930,926.754386,852.192982,928.070175,857.894737,975.877193,932.456140,970.614035,917.105263,982.894737,924.122807,946.929825
labeled-data,bluegill_data,cam-3_28.png,1095.175439,926.315789,987.719298,900.877193,967.543860,967.543860,832.017544,912.280702,805.263158,941.666667,,
labeled-data,bluegill_data,cam-3_29.png,1365.789474,1017.982456,1299.561404,1011.403509,1314.473684,1082.017544,1206.578947,1035.087719,1114.473684,1067.105263,1130.701754,1004.385965
labeled-data,bluegill_data,cam-3_3.png,1577.647059,1138.823529,,,,,1792.941176,1203.529412,,,,
labeled-data,bluegill_data,cam-3_30.png,1314.234043,998.936170,1376.468085,1029.255319,1338.170213,1086.702128,1391.361702,1070.212766,1396.680851,1134.574468,1402.531915,1081.382979
labeled-data,bluegill_data,cam-3_31.png,1191.285714,985.000000,1314.857143,1005.714286,1295.571429,1085.714286,1437.714286,1092.142857,1427.714286,1131.428571,,
labeled-data,bluegill_data,cam-3_32.png,1124.675325,957.792208,1248.051948,970.129870,1233.766234,1042.207792,1429.220779,1038.311688,,,,
labeled-data,bluegill_data,cam-3_33.png,1125.984252,959.842520,1251.968504,974.015748,1237.795276,1042.519685,1429.921260,1029.921260,,,,
labeled-data,bluegill_data,cam-3_34.png,1234.142857,1004.285714,1351.285714,1012.857143,1356.285714,1080.000000,1552.714286,1062.857143,,,,
labeled-data,bluegill_data,cam-3_35.png,1215.823529,1031.176471,1330.529412,1040.000000,1340.529412,1107.058824,1538.764706,1081.764706,1631.705882,1129.411765,1600.529412,1063.529412
labeled-data,bluegill_data,cam-3_36.png,1214.285714,1119.480519,1266.233766,1096.753247,1292.857143,1161.688312,1412.987013,1090.259740,1519.480519,1094.805195,1502.597403,1052.597403
labeled-data,bluegill_data,cam-3_37.png,1027.272727,1162.987013,1069.480519,1153.896104,1081.168831,1207.792208,1178.571429,1170.779221,1231.168831,1196.103896,1209.090909,1142.857143
labeled-data,bluegill_data,cam-3_38.png,900.529412,1148.823529,952.294118,1141.764706,967.588235,1199.411765,1088.176471,1164.117647,1170.529412,1189.411765,1131.705882,1134.705882
labeled-data,bluegill_data,cam-3_39.png,720.472441,1103.149606,823.622047,1108.661417,827.559055,1165.354331,996.850394,1151.181102,1113.385827,1182.677165,1091.338583,1138.582677
labeled-data,bluegill_data,cam-3_4.png,1336.347826,1121.739130,1449.391304,1138.260870,1448.521739,1206.086957,1625.913043,1199.130435,1733.739130,1253.043478,1726.782609,1206.086957
labeled-data,bluegill_data,cam-3_40.png,417.714286,1105.000000,512.000000,1110.000000,510.571429,1166.428571,679.142857,1141.428571,782.000000,1166.428571,748.428571,1117.857143
labeled-data,bluegill_data,cam-3_41.png,411.403509,1105.701754,512.280702,1110.526316,503.508772,1172.807018,675.438596,1157.017544,755.701754,1210.526316,745.614035,1157.456140
labeled-data,bluegill_data,cam-3_42.png,653.428571,1111.428571,570.571429,1111.428571,559.857143,1175.000000,,,658.428571,1193.571429,643.428571,1140.714286
labeled-data,bluegill_data,cam-3_43.png,1055.555556,1025.120773,979.710145,1039.613527,992.753623,1107.246377,909.661836,1099.033816,820.289855,1140.579710,830.917874,1085.507246
labeled-data,bluegill_data,cam-3_44.png,1057.319149,1027.659574,991.361702,1035.106383,998.276596,1096.808511,941.361702,1071.808511,882.319149,1106.914894,883.382979,1052.659574
labeled-data,bluegill_data,cam-3_45.png,968.428571,1016.428571,1031.285714,1032.857143,1014.857143,1095.000000,1064.142857,1077.857143,,,,
labeled-data,bluegill_data,cam-3_46.png,962.714286,1011.428571,1041.285714,1025.000000,1018.428571,1090.714286,1097.714286,1070.000000,1105.571429,1117.142857,1114.142857,1074.285714
labeled-data,bluegill_data,cam-3_47.png,1037.848606,1009.960159,1125.099602,1024.701195,1109.960159,1095.219124,1213.944223,1089.641434,1227.490040,1121.912351,1236.653386,1081.274900
labeled-data,bluegill_data,cam-3_48.png,1212.882353,1038.823529,1293.470588,1052.352941,1290.529412,1114.705882,1393.470588,1103.529412,1441.705882,1132.941176,1417.000000,1088.235294
labeled-data,bluegill_data,cam-3_49.png,1325.235294,1046.470588,1397.588235,1061.764706,1381.705882,1120.588235,1475.235294,1109.411765,,,,
labeled-data,bluegill_data,cam-3_5.png,1340.157480,1124.409449,1448.031496,1129.921260,1449.606299,1198.425197,1629.921260,1180.314961,1738.582677,1225.196850,1728.346457,1173.228346
labeled-data,bluegill_data,cam-3_50.png,1322.222222,1045.410628,1395.169082,1062.318841,1370.531401,1115.458937,1457.004831,1102.415459,1518.357488,1136.714976,1508.695652,1094.685990
labeled-data,bluegill_data,cam-3_51.png,1325.877193,1048.245614,1396.052632,1056.578947,1372.368421,1112.719298,1460.964912,1099.122807,1496.491228,1155.263158,1494.736842,1096.491228
labeled-data,bluegill_data,cam-3_52.png,1335.379061,983.032491,1404.332130,1002.166065,1377.978339,1056.678700,1461.010830,1059.566787,1517.328520,1114.079422,1502.888087,1065.342960
labeled-data,bluegill_data,cam-3_53.png,1342.294118,982.352941,1406.411765,994.705882,1380.529412,1048.235294,1474.058824,1038.823529,1505.823529,1071.764706,1508.764706,1028.823529
labeled-data,bluegill_data,cam-3_54.png,1332.000000,933.571429,1394.857143,959.285714,1369.857143,1012.142857,1453.428571,1015.000000,1465.571429,1057.142857,1472.000000,1012.857143
labeled-data,bluegill_data,cam-3_55.png,1368.421053,968.859649,1436.842105,988.596491,1417.105263,1045.614035,1503.070175,1044.736842,1511.403509,1070.614035,1521.929825,1040.350877
labeled-data,bluegill_data,cam-3_56.png,1385.990338,1055.072464,1475.362319,1054.106280,1483.091787,1110.144928,1607.729469,1081.159420,1607.729469,1100.966184,,
labeled-data,bluegill_data,cam-3_57.png,1206.763285,1158.937198,1286.956522,1152.173913,1309.661836,1203.864734,1456.038647,1163.285024,,,,
labeled-data,bluegill_data,cam-3_58.png,847.807018,1180.263158,917.543860,1186.403509,924.561404,1228.947368,1058.333333,1210.087719,1155.701754,1240.789474,1131.578947,1201.315789
labeled-data,bluegill_data,cam-3_59.png,795.219124,1177.290837,867.729084,1179.282869,879.282869,1230.677291,1024.302789,1213.147410,1115.139442,1247.808765,1105.976096,1209.960159
labeled-data,bluegill_data,cam-3_6.png,1337.588235,1125.882353,1447.588235,1132.941176,1441.117647,1198.235294,1624.647059,1184.117647,1735.823529,1242.352941,1724.058824,1180.588235
labeled-data,bluegill_data,cam-3_60.png,790.821256,1179.227053,874.396135,1182.125604,869.082126,1229.468599,1015.942029,1213.526570,1091.304348,1260.869565,1072.463768,1205.797101
labeled-data,bluegill_data,cam-3_61.png,847.368421,1161.403509,914.473684,1166.228070,902.192982,1218.421053,1001.315789,1195.614035,1086.842105,1224.561404,1070.614035,1182.894737
labeled-data,bluegill_data,cam-3_62.png,877.777778,1137.198068,940.096618,1138.647343,928.502415,1189.371981,999.033816,1169.082126,1040.096618,1195.169082,1021.739130,1148.309179
labeled-data,bluegill_data,cam-3_63.png,875.812274,1132.851986,940.433213,1135.379061,925.270758,1186.642599,1004.693141,1159.927798,1025.270758,1195.306859,1022.743682,1149.097473
labeled-data,bluegill_data,cam-3_64.png,1053.070175,1117.105263,971.929825,1114.035088,963.157895,1178.947368,,,,,,
labeled-data,bluegill_data,cam-3_65.png,1127.000000,1103.529412,1044.647059,1098.235294,1044.058824,1156.470588,938.764706,1130.588235,857.588235,1154.117647,891.705882,1111.176471
labeled-data,bluegill_data,cam-3_66.png,1128.985507,1104.347826,1048.309179,1099.033816,1053.623188,1159.420290,942.995169,1135.748792,857.487923,1166.183575,871.980676,1120.289855
labeled-data,bluegill_data,cam-3_67.png,1078.260870,1119.806763,1032.367150,1126.086957,1042.028986,1175.362319,1003.864734,1141.062802,949.758454,1166.666667,956.521739,1129.951691
labeled-data,bluegill_data,cam-3_68.png,1073.214286,1124.404762,1036.904762,1122.321429,1044.642857,1173.511905,1013.690476,1126.190476,997.619048,1163.392857,988.690476,1115.476190
labeled-data,bluegill_data,cam-3_69.png,1121.148936,1134.042553,1066.893617,1127.659574,1074.340426,1182.978723,,,996.148936,1176.595745,,
labeled-data,bluegill_data,cam-3_7.png,1283.766234,1125.324675,1377.922078,1125.974026,1393.506494,1201.298701,1596.753247,1187.012987,,,,
labeled-data,bluegill_data,cam-3_70.png,1294.685990,1156.521739,1259.420290,1151.690821,1219.323671,1191.304348,1240.096618,1181.642512,,,1222.222222,1165.700483
labeled-data,bluegill_data,cam-3_71.png,1229.142857,1150.714286,1304.857143,1175.000000,1272.000000,1229.285714,1360.571429,1214.285714,1412.000000,1225.714286,1389.857143,1190.000000
labeled-data,bluegill_data,cam-3_72.png,1190.571429,1104.285714,1299.857143,1137.857143,1287.714286,1205.714286,1425.571429,1219.285714,,,,
labeled-data,bluegill_data,cam-3_73.png,,,771.148936,1106.382979,777.531915,1153.723404,849.872340,1161.170213,878.595745,1184.574468,872.212766,1146.276596
labeled-data,bluegill_data,cam-3_74.png,708.212560,1085.990338,791.304348,1100.966184,781.159420,1153.623188,,,883.091787,1193.236715,888.405797,1142.995169
labeled-data,bluegill_data,cam-3_75.png,875.974026,964.935065,793.506494,991.558442,812.337662,1055.844156,706.493506,1088.311688,613.636364,1138.311688,642.207792,1089.610390
labeled-data,bluegill_data,cam-3_76.png,1298.550725,802.898551,,,1192.270531,817.874396,1209.661836,771.497585,1275.845411,815.942029,1270.531401,763.285024
labeled-data,bluegill_data,cam-3_77.png,1397.101449,794.202899,1483.574879,761.835749,1500.000000,816.908213,1601.932367,743.478261,1643.961353,755.555556,1627.053140,721.739130
labeled-data,bluegill_data,cam-3_78.png,1137.012987,1090.259740,1235.714286,1081.168831,1229.220779,1145.454545,1376.623377,1108.441558,1455.844156,1134.415584,1431.168831,1083.116883
labeled-data,bluegill_data,cam-3_79.png,1147.000000,1097.142857,1245.571429,1092.142857,1235.571429,1159.285714,1377.000000,1128.571429,1476.285714,1155.714286,1452.000000,1104.285714
labeled-data,bluegill_data,cam-3_8.png,1228.428571,1120.000000,1321.285714,1115.000000,1338.428571,1189.285714,1534.857143,1159.285714,1626.285714,1208.571429,1594.142857,1137.142857
labeled-data,bluegill_data,cam-3_80.png,1485.507246,1092.270531,1389.560440,1093.406593,1375.845411,1158.454106,1212.077295,1142.028986,1101.449275,1186.956522,1125.120773,1127.536232
labeled-data,bluegill_data,cam-3_9.png,1228.571429,1118.181818,1331.818182,1108.441558,1350.649351,1181.168831,1548.701299,1149.350649,1637.662338,1197.402597,1619.480519,1131.818182
labeled-data,bluegill_data,cam-4_10.png,848.540146,542.335766,,,872.992701,597.810219,906.569343,693.065693,927.372263,723.722628,,
labeled-data,bluegill_data,cam-4_11.png,525.882353,533.529412,,,575.882353,534.117647,679.411765,531.176471,732.941176,516.470588,721.176471,515.294118
labeled-data,bluegill_data,cam-4_12.png,182.470120,394.820717,,,231.075697,427.091633,313.147410,484.462151,358.167331,519.920319,,
labeled-data,bluegill_data,cam-4_13.png,197.872340,252.659574,,,189.893617,304.255319,187.765957,408.510638,189.361702,468.085106,196.276596,465.957447
labeled-data,bluegill_data,cam-4_131.png,,,,,,,,,,,,
labeled-data,bluegill_data,cam-4_138.png,,,,,,,,,,,,
labeled-data,bluegill_data,cam-4_139.png,118.823529,630.000000,,,68.235294,652.941176,,,,,,
labeled-data,bluegill_data,cam-4_14.png,216.908213,256.521739,,,190.821256,302.415459,161.835749,392.753623,184.057971,454.106280,,
labeled-data,bluegill_data,cam-4_140.png,162.608696,587.826087,,,117.391304,615.652174,,,,,,
labeled-data,bluegill_data,cam-4_141.png,171.304348,576.521739,,,125.217391,605.217391,,,,,,
labeled-data,bluegill_data,cam-4_142.png,173.913043,574.782609,,,122.608696,606.956522,,,,,,
labeled-data,bluegill_data,cam-4_143.png,241.739130,528.695652,,,197.211155,558.565737,115.139442,616.733068,60.000000,636.521739,69.322709,639.043825
labeled-data,bluegill_data,cam-4_144.png,339.442231,458.565737,,,296.015936,488.844622,207.171315,543.426295,147.808765,563.346614,163.346614,569.322709
labeled-data,bluegill_data,cam-4_145.png,367.870036,444.043321,,,314.801444,476.534296,229.241877,522.021661,179.061372,552.707581,191.696751,551.263538
labeled-data,bluegill_data,cam-4_146.png,445.487365,393.501805,,,398.555957,424.187726,316.606498,479.422383,260.288809,501.083032,269.314079,503.249097
labeled-data,bluegill_data,cam-4_147.png,472.563177,393.140794,,,420.938628,418.050542,333.935018,457.039711,298.194946,511.552347,297.472924,485.920578
labeled-data,bluegill_data,cam-4_148.png,519.298246,367.105263,,,466.666667,401.754386,389.912281,446.929825,334.210526,477.631579,,
labeled-data,bluegill_data,cam-4_149.png,582.470120,301.593625,,,534.661355,338.645418,459.760956,394.422311,410.358566,434.661355,,
labeled-data,bluegill_data,cam-4_15.png,225.631769,254.512635,,,194.584838,296.028881,138.628159,376.534296,106.859206,435.018051,,
labeled-data,bluegill_data,cam-4_150.png,483.771930,371.491228,,,440.789474,417.105263,378.508772,483.333333,357.017544,544.298246,,
labeled-data,bluegill_data,cam-4_151.png,409.661836,459.903382,,,368.115942,499.033816,296.618357,574.396135,269.565217,626.086957,279.227053,619.323671
labeled-data,bluegill_data,cam-4_152.png,305.263158,539.035088,,,266.228070,593.859649,210.526316,667.543860,196.929825,732.456140,,
labeled-data,bluegill_data,cam-4_153.png,269.314079,594.584838,,,231.407942,638.267148,174.368231,712.274368,160.288809,780.866426,,
labeled-data,bluegill_data,cam-4_154.png,242.622951,632.786885,,,205.245902,679.016393,143.934426,751.803279,116.721311,791.803279,,
labeled-data,bluegill_data,cam-4_155.png,,,,,,,60.869565,587.826087,101.739130,614.782609,,
labeled-data,bluegill_data,cam-4_16.png,238.989170,310.108303,,,190.252708,305.776173,128.158845,371.119134,128.519856,436.823105,,
labeled-data,bluegill_data,cam-4_165.png,225.877193,619.298246,,,176.315789,624.122807,87.280702,638.596491,44.298246,658.771930,,
labeled-data,bluegill_data,cam-4_166.png,221.052632,556.140351,,,263.157895,606.140351,323.245614,687.280702,353.947368,732.894737,,
labeled-data,bluegill_data,cam-4_167.png,,,,,54.143646,378.453039,148.207171,403.984064,209.561753,420.318725,199.601594,410.358566
labeled-data,bluegill_data,cam-4_168.png,,,,,,,110.843373,362.650602,173.092369,390.763052,,
labeled-data,bluegill_data,cam-4_17.png,572.619048,427.976190,,,515.773810,409.523810,444.940476,372.321429,371.726190,363.690476,,
labeled-data,bluegill_data,cam-4_172.png,162.454874,386.642599,,,113.718412,410.108303,,,,,,
labeled-data,bluegill_data,cam-4_174.png,,,,,,,,,,,,
labeled-data,bluegill_data,cam-4_175.png,,,,,,,,,,,,
labeled-data,bluegill_data,cam-4_176.png,889.743590,752.564103,,,842.948718,769.871795,,,,,,
labeled-data,bluegill_data,cam-4_177.png,812.941176,745.882353,,,776.470588,768.823529,,,,,,
labeled-data,bluegill_data,cam-4_178.png,797.833935,718.772563,,,763.176895,745.126354,,,,,,
labeled-data,bluegill_data,cam-4_179.png,662.801932,582.125604,,,690.338164,636.231884,728.985507,731.400966,734.299517,781.642512,,
labeled-data,bluegill_data,cam-4_18.png,713.545817,747.011952,,,664.541833,722.709163,591.633466,676.892430,541.434263,619.521912,,
labeled-data,bluegill_data,cam-4_180.png,595.614035,450.000000,,,597.368421,503.070175,628.947368,608.333333,662.280702,650.877193,,
labeled-data,bluegill_data,cam-4_181.png,607.246377,412.560386,,,593.236715,471.497585,571.014493,563.285024,565.217391,631.400966,,
labeled-data,bluegill_data,cam-4_182.png,589.035088,469.298246,,,572.368421,528.508772,535.964912,614.473684,530.263158,672.368421,,
labeled-data,bluegill_data,cam-4_183.png,557.017544,577.192982,,,526.754386,624.122807,480.263158,710.964912,479.385965,774.561404,463.157895,756.578947
labeled-data,bluegill_data,cam-4_184.png,547.808765,655.378486,,,497.211155,680.079681,415.936255,734.661355,393.227092,784.063745,387.250996,776.494024
labeled-data,bluegill_data,cam-4_185.png,50.996016,401.593625,,,89.243028,438.247012,156.573705,496.812749,206.772908,519.123506,194.422311,531.474104
labeled-data,bluegill_data,cam-4_186.png,56.578947,429.385965,,,87.280702,467.982456,145.614035,532.894737,192.543860,521.052632,,
labeled-data,bluegill_data,cam-4_187.png,78.508772,480.263158,,,117.105263,519.298246,193.421053,589.912281,253.508772,604.385965,242.543860,610.526316
labeled-data,bluegill_data,cam-4_188.png,135.416667,502.380952,,,141.964286,553.571429,174.702381,650.595238,236.011905,680.059524,,
labeled-data,bluegill_data,cam-4_189.png,197.368421,559.210526,,,167.543860,605.701754,120.614035,695.614035,87.719298,752.631579,107.894737,743.421053
labeled-data,bluegill_data,cam-4_19.png,745.901639,727.868852,,,696.393443,745.901639,608.196721,734.098361,548.196721,696.065574,,
labeled-data,bluegill_data,cam-4_190.png,,,,,,,107.246377,566.183575,144.927536,604.830918,,
labeled-data,bluegill_data,cam-4_191.png,,,,,,,76.754386,557.017544,120.175439,609.649123,,
labeled-data,bluegill_data,cam-4_192.png,789.371981,628.985507,,,736.231884,634.782609,639.130435,649.758454,577.294686,665.217391,,
labeled-data,bluegill_data,cam-4_193.png,,,,,957.004831,542.512077,931.400966,623.188406,899.033816,686.473430,,
labeled-data,bluegill_data,cam-4_194.png,968.525896,482.470120,,,962.948207,541.035857,946.215139,644.621514,936.653386,697.211155,,
labeled-data,bluegill_data,cam-4_195.png,949.402390,507.171315,,,957.370518,562.948207,967.330677,669.721116,,,,
labeled-data,bluegill_data,cam-4_196.png,944.444444,512.560386,,,956.521739,570.531401,971.980676,665.217391,,,,
labeled-data,bluegill_data,cam-4_197.png,943.859649,511.403509,,,957.456140,568.859649,972.807018,652.631579,,,,
labeled-data,bluegill_data,cam-4_198.png,950.877193,531.578947,,,967.105263,589.473684,975.438596,653.070175,,,,
labeled-data,bluegill_data,cam-4_199.png,947.342995,531.884058,,,965.700483,585.024155,973.429952,648.309179,,,,
labeled-data,bluegill_data,cam-4_20.png,600.398406,654.183267,,,646.215139,691.633466,682.071713,772.908367,,,,
labeled-data,bluegill_data,cam-4_200.png,951.754386,538.157895,,,966.228070,596.052632,,,,,,
labeled-data,bluegill_data,cam-4_201.png,963.745020,583.266932,,,976.095618,652.988048,,,,,,
labeled-data,bluegill_data,cam-4_202.png,966.086957,589.565217,,,974.297189,648.594378,,,,,,
labeled-data,bluegill_data,cam-4_203.png,849.758454,632.367150,,,902.898551,644.927536,,,,,,
labeled-data,bluegill_data,cam-4_204.png,71.428571,434.821429,,,123.214286,447.321429,205.952381,446.130952,243.750000,489.880952,,
labeled-data,bluegill_data,cam-4_206.png,519.806763,674.396135,,,469.082126,699.516908,374.396135,729.951691,318.840580,734.299517,,
labeled-data,bluegill_data,cam-4_207.png,950.541516,587.003610,,,899.638989,582.310469,821.660650,562.815884,758.483755,527.797834,756.678700,541.516245
labeled-data,bluegill_data,cam-4_21.png,424.701195,450.996016,,,471.713147,480.079681,545.418327,538.247012,546.215139,585.657371,554.183267,588.446215
labeled-data,bluegill_data,cam-4_210.png,902.192982,550.877193,,,944.736842,521.052632,,,,,,
labeled-data,bluegill_data,cam-4_211.png,907.729469,544.444444,,,942.512077,522.222222,,,,,,
labeled-data,bluegill_data,cam-4_212.png,900.796813,547.808765,,,945.816733,520.318725,,,,,,
labeled-data,bluegill_data,cam-4_22.png,335.458167,404.780876,,,387.250996,434.661355,474.900398,483.266932,523.107570,519.123506,516.334661,502.788845
labeled-data,bluegill_data,cam-4_23.png,457.017544,359.210526,,,417.543860,396.052632,371.052632,481.578947,365.350877,550.438596,,
labeled-data,bluegill_data,cam-4_24.png,462.549801,366.932271,,,427.091633,407.968127,356.573705,474.103586,304.382470,501.195219,317.131474,507.569721
labeled-data,bluegill_data,cam-4_25.png,463.537906,370.036101,,,425.992780,409.025271,362.454874,481.588448,313.357401,491.696751,323.104693,503.610108
labeled-data,bluegill_data,cam-4_26.png,333.864542,388.047809,,,379.681275,405.577689,441.832669,475.697211,417.928287,520.318725,430.677291,521.912351
labeled-data,bluegill_data,cam-4_27.png,259.016393,368.196721,,,313.770492,380.983607,403.278689,407.540984,465.573770,418.360656,,
labeled-data,bluegill_data,cam-4_28.png,731.578947,445.175439,,,704.824561,397.807018,632.017544,359.649123,588.157895,406.578947,,
labeled-data,bluegill_data,cam-4_29.png,874.103586,596.812749,,,826.693227,567.729084,748.605578,512.350598,706.374502,469.322709,,
labeled-data,bluegill_data,cam-4_30.png,955.081967,566.885246,,,909.180328,583.934426,816.721311,617.377049,766.229508,615.737705,767.540984,623.606557
labeled-data,bluegill_data,cam-4_31.png,939.344262,549.836066,,,908.852459,586.885246,818.688525,632.131148,767.868852,659.344262,,
labeled-data,bluegill_data,cam-4_32.png,917.982456,483.771930,,,905.263158,532.456140,876.754386,628.947368,866.228070,691.228070,,
labeled-data,bluegill_data,cam-4_33.png,917.105263,486.403509,,,903.947368,538.157895,877.391304,632.173913,860.869565,686.956522,,
labeled-data,bluegill_data,cam-4_34.png,896.414343,525.099602,,,888.844622,584.063745,875.298805,682.071713,,,,
labeled-data,bluegill_data,cam-4_35.png,819.298246,537.280702,,,835.964912,593.421053,880.263158,681.140351,926.315789,705.263158,,
labeled-data,bluegill_data,cam-4_36.png,742.995169,553.140097,,,791.304348,579.227053,857.487923,632.850242,873.913043,700.000000,,
labeled-data,bluegill_data,cam-4_37.png,556.573705,490.438247,,,609.163347,517.131474,693.227092,545.418327,753.386454,570.916335,,
labeled-data,bluegill_data,cam-4_38.png,379.385965,401.754386,,,430.263158,436.403509,506.140351,496.929825,,,555.701754,535.964912
labeled-data,bluegill_data,cam-4_39.png,418.840580,324.637681,,,419.806763,379.710145,439.130435,476.811594,461.835749,532.850242,,
labeled-data,bluegill_data,cam-4_4.png,963.529412,589.411765,,,946.470588,639.411765,908.823529,744.117647,,,,
labeled-data,bluegill_data,cam-4_40.png,477.689243,160.159363,,,454.581673,213.147410,414.741036,301.195219,397.211155,364.541833,,
labeled-data,bluegill_data,cam-4_41.png,489.243028,128.286853,,,469.322709,183.266932,431.474104,276.095618,400.398406,317.529880,,
labeled-data,bluegill_data,cam-4_42.png,528.158845,211.552347,,,477.978339,194.584838,414.801444,257.039711,436.823105,308.664260,,
labeled-data,bluegill_data,cam-4_43.png,733.333333,458.937198,,,689.855072,434.299517,604.830918,383.574879,570.531401,337.198068,,
labeled-data,bluegill_data,cam-4_44.png,740.794224,465.703971,,,688.447653,442.960289,600.000000,411.552347,546.209386,379.783394,,
labeled-data,bluegill_data,cam-4_45.png,735.887097,420.161290,,,691.129032,443.145161,602.822581,465.322581,554.435484,435.483871,,
labeled-data,bluegill_data,cam-4_46.png,731.407942,419.855596,,,681.588448,451.263538,599.638989,492.418773,545.848375,524.909747,,
labeled-data,bluegill_data,cam-4_47.png,665.725806,445.967742,,,627.822581,486.290323,556.048387,543.548387,501.209677,553.225806,,
labeled-data,bluegill_data,cam-4_48.png,541.639344,541.639344,,,502.950820,586.885246,440.327869,652.131148,386.229508,679.344262,,
labeled-data,bluegill_data,cam-4_49.png,453.068592,624.187726,,,408.303249,662.815884,347.653430,730.324910,331.046931,787.364621,,
labeled-data,bluegill_data,cam-4_5.png,963.297872,579.255319,,,946.808511,635.106383,913.297872,714.893617,,,,
labeled-data,bluegill_data,cam-4_50.png,455.263158,625.000000,,,413.157895,658.771930,340.350877,712.280702,298.245614,761.403509,,
labeled-data,bluegill_data,cam-4_51.png,454.873646,625.992780,,,410.469314,661.371841,336.823105,718.411552,287.003610,761.371841,,
labeled-data,bluegill_data,cam-4_52.png,466.425993,625.270758,,,420.938628,660.288809,347.653430,715.523466,292.779783,752.707581,,
labeled-data,bluegill_data,cam-4_53.png,463.690476,629.166667,,,421.428571,661.011905,344.940476,719.940476,294.094488,755.314961,,
labeled-data,bluegill_data,cam-4_54.png,524.324324,615.135135,,,475.405405,650.000000,402.702703,700.540541,351.351351,719.459459,,
labeled-data,bluegill_data,cam-4_55.png,501.639344,632.786885,,,455.409836,671.803279,388.852459,720.983607,332.131148,759.672131,334.098361,749.180328
labeled-data,bluegill_data,cam-4_56.png,383.665339,683.266932,,,359.362550,740.637450,,,,,,
labeled-data,bluegill_data,cam-4_57.png,258.510638,596.276596,,,288.829787,646.276596,331.914894,730.851064,,,,
labeled-data,bluegill_data,cam-4_58.png,79.385965,406.578947,,,119.298246,462.280702,178.070175,539.912281,214.912281,583.771930,,
labeled-data,bluegill_data,cam-4_59.png,39.912281,336.842105,,,70.175439,400.000000,107.017544,481.578947,135.087719,538.596491,,
labeled-data,bluegill_data,cam-4_6.png,964.285714,579.870130,,,944.805195,635.714286,905.844156,727.272727,,,,
labeled-data,bluegill_data,cam-4_60.png,90.350877,333.333333,,,69.298246,393.421053,79.824561,485.964912,133.333333,515.350877,,
labeled-data,bluegill_data,cam-4_61.png,129.880478,358.565737,,,78.087649,401.593625,,,,,,
labeled-data,bluegill_data,cam-4_62.png,141.832669,386.852590,,,89.641434,418.326693,,,,,,
labeled-data,bluegill_data,cam-4_63.png,143.478261,387.439614,,,92.270531,419.323671,,,,,,
labeled-data,bluegill_data,cam-4_64.png,152.786885,419.016393,,,95.081967,419.672131,,,,,,
labeled-data,bluegill_data,cam-4_65.png,177.380952,535.416667,,,133.333333,490.178571,57.738095,416.964286,,,,
labeled-data,bluegill_data,cam-4_66.png,174.426230,537.704918,,,130.491803,493.770492,59.016393,419.672131,,,,
labeled-data,bluegill_data,cam-4_67.png,202.295082,506.557377,,,146.229508,489.508197,44.736842,461.842105,,,,
labeled-data,bluegill_data,cam-4_68.png,204.918033,505.245902,,,151.475410,490.491803,49.097473,470.397112,,,,
labeled-data,bluegill_data,cam-4_69.png,206.498195,503.971119,,,150.180505,488.808664,44.765343,475.451264,,,,
labeled-data,bluegill_data,cam-4_7.png,897.391304,574.782609,,,930.319149,625.531915,940.163934,709.016393,,,,
labeled-data,bluegill_data,cam-4_70.png,492.418773,595.667870,,,433.574007,585.920578,335.379061,570.397112,276.895307,558.122744,,
labeled-data,bluegill_data,cam-4_71.png,854.385965,542.543860,,,803.070175,580.701754,731.140351,622.807018,672.807018,627.631579,,
labeled-data,bluegill_data,cam-4_72.png,848.309179,529.468599,,,814.492754,576.811594,735.748792,635.265700,690.821256,671.980676,,
labeled-data,bluegill_data,cam-4_73.png,143.824701,314.342629,,,199.203187,338.645418,276.095618,372.908367,343.426295,398.007968,,
labeled-data,bluegill_data,cam-4_74.png,109.163347,308.366534,,,161.354582,344.621514,238.645418,396.812749,292.828685,410.756972,,
labeled-data,bluegill_data,cam-4_75.png,435.964912,362.719298,,,399.561404,336.403509,317.543860,267.543860,262.280702,241.666667,,
labeled-data,bluegill_data,cam-4_76.png,291.566265,548.192771,,,340.160643,563.855422,430.923695,577.911647,481.526104,555.020080,,
labeled-data,bluegill_data,cam-4_77.png,467.005076,765.482234,,,,,374.111675,710.152284,356.345178,645.177665,,
labeled-data,bluegill_data,cam-4_78.png,611.764706,514.117647,,,578.823529,564.117647,529.411765,647.058824,489.411765,693.529412,,
labeled-data,bluegill_data,cam-4_79.png,610.588235,515.882353,,,574.705882,574.117647,531.176471,648.823529,497.647059,705.882353,,
labeled-data,bluegill_data,cam-4_8.png,849.275362,541.062802,,,880.193237,590.338164,931.400966,680.676329,,,,
labeled-data,bluegill_data,cam-4_80.png,628.502415,692.270531,,,612.077295,639.130435,565.700483,552.173913,517.874396,526.570048,,
labeled-data,bluegill_data,cam-4_81.png,368.599034,522.222222,,,397.101449,573.429952,456.521739,658.937198,501.449275,693.719807,,
labeled-data,bluegill_data,cam-4_82.png,392.982456,408.333333,,,353.070175,445.614035,300.438596,527.192982,270.614035,578.947368,,
labeled-data,bluegill_data,cam-4_83.png,460.956175,498.804781,,,417.928287,476.095618,324.302789,434.262948,271.713147,413.147410,,
labeled-data,bluegill_data,cam-4_84.png,525.901639,454.098361,,,475.409836,440.327869,383.606557,455.081967,327.868852,485.901639,,
labeled-data,bluegill_data,cam-4_85.png,516.721311,623.278689,,,459.344262,641.967213,375.409836,678.032787,320.983607,707.540984,,
labeled-data,bluegill_data,cam-4_86.png,568.852459,606.557377,,,517.049180,625.245902,432.786885,658.360656,368.852459,677.704918,,
labeled-data,bluegill_data,cam-4_87.png,568.127490,606.772908,,,513.944223,626.294821,423.505976,664.143426,370.517928,685.258964,,
labeled-data,bluegill_data,cam-4_88.png,379.710145,494.202899,,,418.840580,533.816425,484.057971,615.942029,531.884058,652.657005,,
labeled-data,bluegill_data,cam-4_89.png,142.950820,391.147541,,,189.836066,425.901639,260.655738,487.868852,324.918033,505.573770,,
labeled-data,bluegill_data,cam-4_9.png,848.936170,542.553191,,,873.404255,595.212766,912.234043,689.361702,942.523364,730.373832,,
labeled-data,bluegill_data,cam-4_90.png,136.462094,385.198556,,,180.505415,427.436823,245.848375,504.693141,290.613718,540.794224,287.364621,531.046931
labeled-data,bluegill_data,cam-4_91.png,270.036101,330.685921,,,226.353791,367.870036,159.927798,437.184116,131.768953,500.361011,,
labeled-data,bluegill_data,cam-4_92.png,271.119134,327.436823,,,228.880866,363.537906,151.263538,423.826715,105.415162,462.815884,115.523466,459.927798
labeled-data,bluegill_data,cam-4_93.png,264.583333,333.630952,,,223.511905,366.964286,143.209877,420.987654,90.946502,458.847737,102.880658,456.378601
labeled-data,bluegill_data,cam-4_94.png,221.912351,386.454183,,,170.517928,409.163347,84.462151,452.589641,,,47.410359,484.063745
labeled-data,bluegill_data,cam-4_95.png,139.840637,431.872510,,,83.266932,454.980080,,,,,,
labeled-data,bluegill_data,cam-4_96.png,49.565217,474.782609,,,,,,,,,,
