frame,file_loc,category,sub_index,folder
0,003_Fish Top R/origin/003_Fish Top R_0.png,origin,0,003_Fish Top R
1,003_Fish Top R/origin/003_Fish Top R_1.png,origin,0,003_Fish Top R
2,003_Fish Top R/origin/003_Fish Top R_2.png,origin,0,003_Fish Top R
3,003_Fish Top R/origin/003_Fish Top R_3.png,origin,0,003_Fish Top R
4,003_Fish Top R/origin/003_Fish Top R_4.png,origin,0,003_Fish Top R
5,003_Fish Top R/origin/003_Fish Top R_5.png,origin,0,003_Fish Top R
6,003_Fish Top R/origin/003_Fish Top R_6.png,origin,0,003_Fish Top R
7,003_Fish Top R/origin/003_Fish Top R_7.png,origin,0,003_Fish Top R
8,003_Fish Top R/origin/003_Fish Top R_8.png,origin,0,003_Fish Top R
9,003_Fish Top R/origin/003_Fish Top R_9.png,origin,0,003_Fish Top R
10,003_Fish Top R/origin/003_Fish Top R_10.png,origin,0,003_Fish Top R
11,003_Fish Top R/origin/003_Fish Top R_11.png,origin,0,003_Fish Top R
12,003_Fish Top R/origin/003_Fish Top R_12.png,origin,0,003_Fish Top R
13,003_Fish Top R/origin/003_Fish Top R_13.png,origin,0,003_Fish Top R
14,003_Fish Top R/origin/003_Fish Top R_14.png,origin,0,003_Fish Top R
15,003_Fish Top R/origin/003_Fish Top R_15.png,origin,0,003_Fish Top R
16,003_Fish Top R/origin/003_Fish Top R_16.png,origin,0,003_Fish Top R
17,003_Fish Top R/origin/003_Fish Top R_17.png,origin,0,003_Fish Top R
18,003_Fish Top R/origin/003_Fish Top R_18.png,origin,0,003_Fish Top R
19,003_Fish Top R/origin/003_Fish Top R_19.png,origin,0,003_Fish Top R
20,003_Fish Top R/origin/003_Fish Top R_20.png,origin,0,003_Fish Top R
21,003_Fish Top R/origin/003_Fish Top R_21.png,origin,0,003_Fish Top R
22,003_Fish Top R/origin/003_Fish Top R_22.png,origin,0,003_Fish Top R
23,003_Fish Top R/origin/003_Fish Top R_23.png,origin,0,003_Fish Top R
24,003_Fish Top R/origin/003_Fish Top R_24.png,origin,0,003_Fish Top R
25,003_Fish Top R/origin/003_Fish Top R_25.png,origin,0,003_Fish Top R
26,003_Fish Top R/origin/003_Fish Top R_26.png,origin,0,003_Fish Top R
27,003_Fish Top R/origin/003_Fish Top R_27.png,origin,0,003_Fish Top R
28,003_Fish Top R/origin/003_Fish Top R_28.png,origin,0,003_Fish Top R
29,003_Fish Top R/origin/003_Fish Top R_29.png,origin,0,003_Fish Top R
30,003_Fish Top R/origin/003_Fish Top R_30.png,origin,0,003_Fish Top R
31,003_Fish Top R/origin/003_Fish Top R_31.png,origin,0,003_Fish Top R
32,003_Fish Top R/origin/003_Fish Top R_32.png,origin,0,003_Fish Top R
33,003_Fish Top R/origin/003_Fish Top R_33.png,origin,0,003_Fish Top R
34,003_Fish Top R/origin/003_Fish Top R_34.png,origin,0,003_Fish Top R
35,003_Fish Top R/origin/003_Fish Top R_35.png,origin,0,003_Fish Top R
36,003_Fish Top R/origin/003_Fish Top R_36.png,origin,0,003_Fish Top R
37,003_Fish Top R/origin/003_Fish Top R_37.png,origin,0,003_Fish Top R
38,003_Fish Top R/origin/003_Fish Top R_38.png,origin,0,003_Fish Top R
39,003_Fish Top R/origin/003_Fish Top R_39.png,origin,0,003_Fish Top R
40,003_Fish Top R/origin/003_Fish Top R_40.png,origin,0,003_Fish Top R
41,003_Fish Top R/origin/003_Fish Top R_41.png,origin,0,003_Fish Top R
42,003_Fish Top R/origin/003_Fish Top R_42.png,origin,0,003_Fish Top R
43,003_Fish Top R/origin/003_Fish Top R_43.png,origin,0,003_Fish Top R
44,003_Fish Top R/origin/003_Fish Top R_44.png,origin,0,003_Fish Top R
45,003_Fish Top R/origin/003_Fish Top R_45.png,origin,0,003_Fish Top R
46,003_Fish Top R/origin/003_Fish Top R_46.png,origin,0,003_Fish Top R
47,003_Fish Top R/origin/003_Fish Top R_47.png,origin,0,003_Fish Top R
48,003_Fish Top R/origin/003_Fish Top R_48.png,origin,0,003_Fish Top R
49,003_Fish Top R/origin/003_Fish Top R_49.png,origin,0,003_Fish Top R
50,003_Fish Top R/origin/003_Fish Top R_50.png,origin,0,003_Fish Top R
51,003_Fish Top R/origin/003_Fish Top R_51.png,origin,0,003_Fish Top R
52,003_Fish Top R/origin/003_Fish Top R_52.png,origin,0,003_Fish Top R
53,003_Fish Top R/origin/003_Fish Top R_53.png,origin,0,003_Fish Top R
54,003_Fish Top R/origin/003_Fish Top R_54.png,origin,0,003_Fish Top R
55,003_Fish Top R/origin/003_Fish Top R_55.png,origin,0,003_Fish Top R
56,003_Fish Top R/origin/003_Fish Top R_56.png,origin,0,003_Fish Top R
57,003_Fish Top R/origin/003_Fish Top R_57.png,origin,0,003_Fish Top R
58,003_Fish Top R/origin/003_Fish Top R_58.png,origin,0,003_Fish Top R
59,003_Fish Top R/origin/003_Fish Top R_59.png,origin,0,003_Fish Top R
60,003_Fish Top R/origin/003_Fish Top R_60.png,origin,0,003_Fish Top R
61,003_Fish Top R/origin/003_Fish Top R_61.png,origin,0,003_Fish Top R
62,003_Fish Top R/origin/003_Fish Top R_62.png,origin,0,003_Fish Top R
63,003_Fish Top R/origin/003_Fish Top R_63.png,origin,0,003_Fish Top R
64,003_Fish Top R/origin/003_Fish Top R_64.png,origin,0,003_Fish Top R
65,003_Fish Top R/origin/003_Fish Top R_65.png,origin,0,003_Fish Top R
66,003_Fish Top R/origin/003_Fish Top R_66.png,origin,0,003_Fish Top R
67,003_Fish Top R/origin/003_Fish Top R_67.png,origin,0,003_Fish Top R
68,003_Fish Top R/origin/003_Fish Top R_68.png,origin,0,003_Fish Top R
69,003_Fish Top R/origin/003_Fish Top R_69.png,origin,0,003_Fish Top R
70,003_Fish Top R/origin/003_Fish Top R_70.png,origin,0,003_Fish Top R
71,003_Fish Top R/origin/003_Fish Top R_71.png,origin,0,003_Fish Top R
72,003_Fish Top R/origin/003_Fish Top R_72.png,origin,0,003_Fish Top R
73,003_Fish Top R/origin/003_Fish Top R_73.png,origin,0,003_Fish Top R
74,003_Fish Top R/origin/003_Fish Top R_74.png,origin,0,003_Fish Top R
75,003_Fish Top R/origin/003_Fish Top R_75.png,origin,0,003_Fish Top R
76,003_Fish Top R/origin/003_Fish Top R_76.png,origin,0,003_Fish Top R
77,003_Fish Top R/origin/003_Fish Top R_77.png,origin,0,003_Fish Top R
78,003_Fish Top R/origin/003_Fish Top R_78.png,origin,0,003_Fish Top R
79,003_Fish Top R/origin/003_Fish Top R_79.png,origin,0,003_Fish Top R
80,003_Fish Top R/origin/003_Fish Top R_80.png,origin,0,003_Fish Top R
81,003_Fish Top R/origin/003_Fish Top R_81.png,origin,0,003_Fish Top R
82,003_Fish Top R/origin/003_Fish Top R_82.png,origin,0,003_Fish Top R
83,003_Fish Top R/origin/003_Fish Top R_83.png,origin,0,003_Fish Top R
84,003_Fish Top R/origin/003_Fish Top R_84.png,origin,0,003_Fish Top R
85,003_Fish Top R/origin/003_Fish Top R_85.png,origin,0,003_Fish Top R
86,003_Fish Top R/origin/003_Fish Top R_86.png,origin,0,003_Fish Top R
87,003_Fish Top R/origin/003_Fish Top R_87.png,origin,0,003_Fish Top R
88,003_Fish Top R/origin/003_Fish Top R_88.png,origin,0,003_Fish Top R
89,003_Fish Top R/origin/003_Fish Top R_89.png,origin,0,003_Fish Top R
90,003_Fish Top R/origin/003_Fish Top R_90.png,origin,0,003_Fish Top R
91,003_Fish Top R/origin/003_Fish Top R_91.png,origin,0,003_Fish Top R
92,003_Fish Top R/origin/003_Fish Top R_92.png,origin,0,003_Fish Top R
93,003_Fish Top R/origin/003_Fish Top R_93.png,origin,0,003_Fish Top R
94,003_Fish Top R/origin/003_Fish Top R_94.png,origin,0,003_Fish Top R
95,003_Fish Top R/origin/003_Fish Top R_95.png,origin,0,003_Fish Top R
96,003_Fish Top R/origin/003_Fish Top R_96.png,origin,0,003_Fish Top R
97,003_Fish Top R/origin/003_Fish Top R_97.png,origin,0,003_Fish Top R
98,003_Fish Top R/origin/003_Fish Top R_98.png,origin,0,003_Fish Top R
99,003_Fish Top R/origin/003_Fish Top R_99.png,origin,0,003_Fish Top R
100,003_Fish Top R/origin/003_Fish Top R_100.png,origin,0,003_Fish Top R
101,003_Fish Top R/origin/003_Fish Top R_101.png,origin,0,003_Fish Top R
102,003_Fish Top R/origin/003_Fish Top R_102.png,origin,0,003_Fish Top R
103,003_Fish Top R/origin/003_Fish Top R_103.png,origin,0,003_Fish Top R
104,003_Fish Top R/origin/003_Fish Top R_104.png,origin,0,003_Fish Top R
105,003_Fish Top R/origin/003_Fish Top R_105.png,origin,0,003_Fish Top R
106,003_Fish Top R/origin/003_Fish Top R_106.png,origin,0,003_Fish Top R
107,003_Fish Top R/origin/003_Fish Top R_107.png,origin,0,003_Fish Top R
108,003_Fish Top R/origin/003_Fish Top R_108.png,origin,0,003_Fish Top R
109,003_Fish Top R/origin/003_Fish Top R_109.png,origin,0,003_Fish Top R
110,003_Fish Top R/origin/003_Fish Top R_110.png,origin,0,003_Fish Top R
111,003_Fish Top R/origin/003_Fish Top R_111.png,origin,0,003_Fish Top R
112,003_Fish Top R/origin/003_Fish Top R_112.png,origin,0,003_Fish Top R
113,003_Fish Top R/origin/003_Fish Top R_113.png,origin,0,003_Fish Top R
114,003_Fish Top R/origin/003_Fish Top R_114.png,origin,0,003_Fish Top R
115,003_Fish Top R/origin/003_Fish Top R_115.png,origin,0,003_Fish Top R
116,003_Fish Top R/origin/003_Fish Top R_116.png,origin,0,003_Fish Top R
117,003_Fish Top R/origin/003_Fish Top R_117.png,origin,0,003_Fish Top R
118,003_Fish Top R/origin/003_Fish Top R_118.png,origin,0,003_Fish Top R
119,003_Fish Top R/origin/003_Fish Top R_119.png,origin,0,003_Fish Top R
120,003_Fish Top R/origin/003_Fish Top R_120.png,origin,0,003_Fish Top R
121,003_Fish Top R/origin/003_Fish Top R_121.png,origin,0,003_Fish Top R
122,003_Fish Top R/origin/003_Fish Top R_122.png,origin,0,003_Fish Top R
123,003_Fish Top R/origin/003_Fish Top R_123.png,origin,0,003_Fish Top R
124,003_Fish Top R/origin/003_Fish Top R_124.png,origin,0,003_Fish Top R
125,003_Fish Top R/origin/003_Fish Top R_125.png,origin,0,003_Fish Top R
126,003_Fish Top R/origin/003_Fish Top R_126.png,origin,0,003_Fish Top R
127,003_Fish Top R/origin/003_Fish Top R_127.png,origin,0,003_Fish Top R
128,003_Fish Top R/origin/003_Fish Top R_128.png,origin,0,003_Fish Top R
129,003_Fish Top R/origin/003_Fish Top R_129.png,origin,0,003_Fish Top R
130,003_Fish Top R/origin/003_Fish Top R_130.png,origin,0,003_Fish Top R
131,003_Fish Top R/origin/003_Fish Top R_131.png,origin,0,003_Fish Top R
132,003_Fish Top R/origin/003_Fish Top R_132.png,origin,0,003_Fish Top R
133,003_Fish Top R/origin/003_Fish Top R_133.png,origin,0,003_Fish Top R
134,003_Fish Top R/origin/003_Fish Top R_134.png,origin,0,003_Fish Top R
135,003_Fish Top R/origin/003_Fish Top R_135.png,origin,0,003_Fish Top R
136,003_Fish Top R/origin/003_Fish Top R_136.png,origin,0,003_Fish Top R
137,003_Fish Top R/origin/003_Fish Top R_137.png,origin,0,003_Fish Top R
138,003_Fish Top R/origin/003_Fish Top R_138.png,origin,0,003_Fish Top R
139,003_Fish Top R/origin/003_Fish Top R_139.png,origin,0,003_Fish Top R
140,003_Fish Top R/origin/003_Fish Top R_140.png,origin,0,003_Fish Top R
141,003_Fish Top R/origin/003_Fish Top R_141.png,origin,0,003_Fish Top R
142,003_Fish Top R/origin/003_Fish Top R_142.png,origin,0,003_Fish Top R
143,003_Fish Top R/origin/003_Fish Top R_143.png,origin,0,003_Fish Top R
144,003_Fish Top R/origin/003_Fish Top R_144.png,origin,0,003_Fish Top R
145,003_Fish Top R/origin/003_Fish Top R_145.png,origin,0,003_Fish Top R
146,003_Fish Top R/origin/003_Fish Top R_146.png,origin,0,003_Fish Top R
147,003_Fish Top R/origin/003_Fish Top R_147.png,origin,0,003_Fish Top R
148,003_Fish Top R/origin/003_Fish Top R_148.png,origin,0,003_Fish Top R
149,003_Fish Top R/origin/003_Fish Top R_149.png,origin,0,003_Fish Top R
150,003_Fish Top R/origin/003_Fish Top R_150.png,origin,0,003_Fish Top R
